"","listed_names"
"1","Heron"
"2","Mute Swan"
"3","Mallard"
"4","Sparrow Hawk"
"5","Merlin"
"6","Kestrel"
"7","Pheasant"
"8","Corncrake"
"9","Moorhen"
"10","Oystercatcher"
"11","Lapwing"
"12","Golden Plover"
"13","Snipe"
"14","Woodcock"
"15","Curlew"
"16","Greater B-B Gull"
"17","Lesser B-B Gull"
"18","Herring Gull"
"19","Common Gull"
"20","Black-Headed Gull"
"21","Stock Dove"
"22","Wood Pigeon"
"23","Collared Dove"
"24","Town Pigeon"
"25","Cuckoo"
"26","Barn Owl"
"27","Swift"
"28","Skylark"
"29","Swallow"
"30","House Martin"
"31","Hooded Crow"
"32","Rook"
"33","Jackdaw"
"34","Magpie"
"35","Jay"
"36","Great Tit"
"37","Blue Tit"
"38","Coal Tit"
"39","Long-Tailed Tit"
"40","Tree Creeper"
"41","Wren"
"42","Mistle Thrush"
"43","Fieldfare"
"44","Song Thrush"
"45","Redwing"
"46","Blackbird"
"47","Robin"
"48","Blackcap"
"49","Willow Warbler"
"50","Chiff Chaff"
"51","Goldcrest"
"52","Flycatcher"
"53","Dunnock"
"54","Meadow Pipit"
"55","Pied Wagtail"
"56","Grey Wagtail"
"57","Starling"
"58","Greenfinch"
"59","Goldfinch"
"60","Siskin"
"61","Linnet"
"62","Redpoll"
"63","Bullfinch"
"64","Crossbill"
"65","Chaffinch"
"66","Snow Bunting"
"67","Yellow Hammer"
"68","Reed Bunting"
"69","House Sparrow"
"70","Tree Sparrow"
"71","Water Rail"
"72","Brambling"
"73","Stonechat"
"74","Teal"
"75","Redshank"
"76","Kingfisher"
"77","Yellow Bunting"
"78","Twite"
"79","Cormorant"
"80","Wheatear"
"81","Landrail"
"82","Spotted Flycatcher"
"83","Land Rail"
"84","Long-Eared Owl"
"85","Tufted Duck"
"86","Whitethroat"
"87","Snow Goose"
"88","Yellowhammer"
"89","Sedge Warbler"
"90","Grey Heron"
"91","Corn Crake"
"92","Swfit"
"93","Black Cap"
"94","Whinchat"
"95","Jack Snipe"
"96","Hen Harrier"
"97","Turtle Dove"
"98","Sand Martin"
"99","Rock Dove"
"100","Sand Martin "
"101","Black Redstart"
"102","Dunlin"
"103","Goldeneye"
"104","Golden Eye"
"105","Waxwing"
"106","Peregrine Falcon"
"107","Peregrine"
"108","Buzzard"
"109","Raven"
